{
    "ctc_forward_logp": -5.595677538939929,
    "ctc_forward_prob": 0.0037138821830615867,
    "ctc_toy_asr_final_loss": 0.0018908827332779765,
    "ctc_toy_asr_mean_loss_last_50": 0.021469973567873238,
    "openvoice_speaker_embedding_shape": [
        1,
        256,
        1
    ]
}